timestamp,frame_no,track_id,yolo_class,conf,warp_cx,warp_cy,frame_cx,frame_cy,zone,warning
2026-07-13 23:57:24.075,113,7,toothbrush,0.756,333,253,419,407,SAFE,0
2026-07-13 23:57:24.859,118,7,toothbrush,0.742,334,254,420,408,SAFE,0
2026-07-13 23:57:25.574,123,7,toothbrush,0.698,334,253,420,407,SAFE,0
2026-07-13 23:57:26.128,128,7,toothbrush,0.807,334,253,420,407,SAFE,0
2026-07-13 23:57:26.766,133,7,toothbrush,0.730,334,252,420,406,SAFE,0
2026-07-13 23:57:27.378,138,7,toothbrush,0.702,334,253,420,407,SAFE,0
2026-07-13 23:57:27.958,143,7,toothbrush,0.824,334,252,420,406,SAFE,0
2026-07-13 23:57:28.587,148,7,toothbrush,0.684,334,254,420,408,SAFE,0
2026-07-13 23:57:29.205,153,7,toothbrush,0.764,334,253,420,407,SAFE,0
2026-07-13 23:57:29.827,158,7,toothbrush,0.723,334,252,420,406,SAFE,0
2026-07-13 23:57:30.483,163,7,toothbrush,0.391,334,253,420,407,SAFE,0
2026-07-13 23:57:31.063,168,7,toothbrush,0.668,426,237,519,388,SAFE,0
2026-07-13 23:57:31.686,173,7,toothbrush,0.754,474,203,572,349,WARNING,1
2026-07-13 23:57:32.374,178,7,toothbrush,0.788,474,204,572,350,WARNING,1
2026-07-13 23:57:32.955,183,7,toothbrush,0.820,475,203,573,349,WARNING,1
2026-07-13 23:57:33.597,188,7,toothbrush,0.832,475,204,573,350,WARNING,1
2026-07-13 23:57:34.300,193,7,toothbrush,0.821,475,204,573,350,WARNING,1
2026-07-13 23:57:34.918,198,7,toothbrush,0.788,475,204,573,350,WARNING,1
2026-07-13 23:57:35.685,203,7,toothbrush,0.816,475,203,573,349,WARNING,1
2026-07-13 23:57:36.296,208,7,toothbrush,0.809,475,203,573,349,WARNING,1
2026-07-13 23:57:36.980,213,7,toothbrush,0.808,475,204,573,350,WARNING,1
2026-07-13 23:57:37.615,218,7,toothbrush,0.800,475,203,573,349,WARNING,1
2026-07-13 23:57:38.269,223,7,toothbrush,0.808,475,204,573,350,WARNING,1
2026-07-13 23:57:38.919,228,12,person,0.809,411,99,504,229,WARNING,1
2026-07-13 23:57:39.673,233,12,person,0.705,420,69,514,195,DANGER_RIGHT,1
2026-07-13 23:57:40.599,239,7,toothbrush,0.531,567,235,674,386,DANGER_RIGHT,1
2026-07-13 23:57:41.475,244,7,person,0.609,567,235,674,386,DANGER_RIGHT,1
2026-07-13 23:57:42.165,249,7,toothbrush,0.246,567,234,674,384,DANGER_RIGHT,1
2026-07-13 23:57:42.982,255,7,toothbrush,0.560,567,234,674,384,DANGER_RIGHT,1
2026-07-13 23:57:43.702,260,7,person,0.438,567,234,674,384,DANGER_RIGHT,1
2026-07-13 23:57:44.279,265,7,person,0.481,567,234,674,384,DANGER_RIGHT,1
2026-07-13 23:57:44.891,270,7,person,0.422,567,234,674,384,DANGER_RIGHT,1
2026-07-13 23:57:45.625,275,7,toothbrush,0.769,567,234,674,384,DANGER_RIGHT,1
2026-07-13 23:57:46.336,280,7,toothbrush,0.447,567,234,674,384,DANGER_RIGHT,1
2026-07-13 23:57:47.089,285,7,toothbrush,0.868,511,382,611,555,WARNING,1
2026-07-13 23:57:47.748,290,7,toothbrush,0.813,539,495,640,684,DANGER_RIGHT,1
2026-07-13 23:57:48.393,295,7,toothbrush,0.746,540,496,641,685,DANGER_RIGHT,1
2026-07-13 23:57:49.033,300,7,toothbrush,0.829,540,496,641,685,DANGER_RIGHT,1
2026-07-13 23:57:49.605,305,7,toothbrush,0.829,539,496,640,685,DANGER_RIGHT,1
2026-07-13 23:57:50.218,310,7,toothbrush,0.754,540,496,641,685,DANGER_RIGHT,1
2026-07-13 23:57:50.822,315,7,toothbrush,0.847,540,496,641,685,DANGER_RIGHT,1
2026-07-13 23:57:51.392,320,7,toothbrush,0.697,540,496,641,685,DANGER_RIGHT,1
2026-07-13 23:57:51.988,325,7,toothbrush,0.755,540,496,641,685,DANGER_RIGHT,1
2026-07-13 23:57:52.568,330,7,toothbrush,0.762,540,496,641,685,DANGER_RIGHT,1
2026-07-13 23:57:53.167,335,7,toothbrush,0.786,540,496,641,685,DANGER_RIGHT,1
2026-07-13 23:57:53.781,340,7,toothbrush,0.702,540,496,641,685,DANGER_RIGHT,1
2026-07-13 23:57:54.457,345,33,person,0.639,325,233,411,384,SAFE,1
2026-07-13 23:57:55.184,350,7,toothbrush,0.921,324,491,409,674,SAFE,0
2026-07-13 23:57:55.998,355,7,toothbrush,0.867,327,494,412,678,SAFE,0
2026-07-13 23:57:56.697,360,7,toothbrush,0.918,327,494,412,678,SAFE,0
2026-07-13 23:57:57.311,365,7,toothbrush,0.929,327,494,412,678,SAFE,0
2026-07-13 23:57:57.903,370,7,toothbrush,0.922,327,494,412,678,SAFE,0
2026-07-13 23:57:58.559,375,7,toothbrush,0.859,327,494,412,678,SAFE,0
2026-07-13 23:57:59.197,380,36,person,0.612,211,319,291,481,SAFE,0
2026-07-13 23:57:59.952,385,36,person,0.701,146,319,223,480,SAFE,0
2026-07-13 23:58:00.900,390,36,person,0.701,128,319,205,480,SAFE,0
2026-07-13 23:58:01.540,395,36,person,0.781,128,315,205,476,SAFE,0
2026-07-13 23:58:02.326,400,36,person,0.761,128,315,205,476,SAFE,0
2026-07-13 23:58:03.083,405,36,person,0.778,128,314,205,475,SAFE,0
2026-07-13 23:58:03.783,410,36,person,0.767,127,317,204,478,SAFE,0
2026-07-13 23:58:04.538,415,36,person,0.682,130,313,207,474,SAFE,0
2026-07-13 23:58:07.037,430,43,toothbrush,0.494,198,188,277,334,SAFE,0
2026-07-13 23:58:07.934,435,43,toothbrush,0.876,224,144,304,284,SAFE,0
2026-07-13 23:58:08.819,440,43,toothbrush,0.819,224,144,304,284,SAFE,0
2026-07-13 23:58:09.571,445,43,toothbrush,0.855,224,144,304,284,SAFE,0
2026-07-13 23:58:10.488,450,43,toothbrush,0.816,224,144,304,284,SAFE,0
2026-07-13 23:58:11.350,455,44,person,0.534,139,64,215,194,WARNING,0
2026-07-13 23:58:12.105,460,43,toothbrush,0.600,118,132,194,271,WARNING,1
2026-07-13 23:58:12.878,465,43,toothbrush,0.650,118,145,194,286,WARNING,1
2026-07-13 23:58:13.826,470,43,toothbrush,0.672,118,131,194,270,WARNING,1
2026-07-13 23:58:14.730,475,43,toothbrush,0.571,118,171,194,315,WARNING,1
2026-07-13 23:58:15.374,480,43,toothbrush,0.628,119,164,195,307,WARNING,1
2026-07-13 23:58:16.075,485,43,toothbrush,0.601,119,174,195,318,WARNING,1
2026-07-13 23:58:16.774,490,43,toothbrush,0.711,119,126,195,264,WARNING,1
2026-07-13 23:58:17.419,495,43,toothbrush,0.584,119,150,195,291,WARNING,1
2026-07-13 23:58:18.073,500,43,toothbrush,0.592,119,167,195,311,WARNING,1
2026-07-13 23:58:18.734,505,43,toothbrush,0.637,119,143,195,284,WARNING,1
2026-07-13 23:58:19.368,510,43,toothbrush,0.435,117,123,193,261,WARNING,1
2026-07-13 23:58:20.177,516,52,toothbrush,0.778,72,143,146,284,DANGER_LEFT,1
2026-07-13 23:58:20.901,521,52,toothbrush,0.773,70,169,144,313,DANGER_LEFT,1
2026-07-13 23:58:21.699,526,52,toothbrush,0.655,70,167,144,311,DANGER_LEFT,1
2026-07-13 23:58:22.540,531,52,toothbrush,0.854,70,166,144,310,DANGER_LEFT,1
2026-07-13 23:58:23.253,536,52,toothbrush,0.747,70,166,144,310,DANGER_LEFT,1
2026-07-13 23:58:23.929,541,52,toothbrush,0.857,70,165,144,309,DANGER_LEFT,1
2026-07-13 23:58:24.574,546,52,toothbrush,0.811,70,165,144,309,DANGER_LEFT,1
2026-07-13 23:58:25.164,551,52,toothbrush,0.798,70,164,144,308,DANGER_LEFT,1
2026-07-13 23:58:25.836,556,52,toothbrush,0.801,70,165,144,309,DANGER_LEFT,1
2026-07-13 23:58:26.458,561,52,toothbrush,0.738,70,164,144,308,DANGER_LEFT,1
2026-07-13 23:58:27.093,566,52,toothbrush,0.722,70,164,144,308,DANGER_LEFT,0
2026-07-13 23:58:27.771,571,52,toothbrush,0.781,71,164,145,308,DANGER_LEFT,1
2026-07-13 23:58:28.441,576,52,toothbrush,0.863,64,373,140,540,DANGER_LEFT,1
2026-07-13 23:58:29.105,581,52,toothbrush,0.844,60,433,136,605,DANGER_LEFT,1
2026-07-13 23:58:29.777,586,52,toothbrush,0.840,60,432,136,604,DANGER_LEFT,1
2026-07-13 23:58:30.418,591,52,toothbrush,0.898,60,430,136,602,DANGER_LEFT,1
2026-07-13 23:58:31.057,596,52,toothbrush,0.867,60,430,136,602,DANGER_LEFT,1
2026-07-13 23:58:31.669,601,52,toothbrush,0.806,60,430,136,602,DANGER_LEFT,1
2026-07-13 23:58:32.332,606,52,toothbrush,0.769,60,429,136,601,DANGER_LEFT,1
2026-07-13 23:58:32.950,611,52,toothbrush,0.882,60,429,136,601,DANGER_LEFT,1
2026-07-13 23:58:33.628,616,52,toothbrush,0.748,54,398,130,567,DANGER_LEFT,1
2026-07-13 23:58:55.076,765,66,person,0.832,126,134,202,273,SAFE,0
2026-07-13 23:58:55.928,770,66,person,0.668,106,169,181,313,SAFE,0
2026-07-13 23:59:03.478,820,74,scissors,0.280,290,281,374,438,SAFE,0
2026-07-13 23:59:08.417,858,74,scissors,0.214,290,281,374,438,SAFE,0
2026-07-13 23:59:11.751,882,78,person,0.866,209,213,288,362,SAFE,0
2026-07-13 23:59:12.799,887,74,skis,0.494,246,257,327,411,SAFE,0
2026-07-13 23:59:13.818,892,74,skis,0.305,254,268,336,424,SAFE,0
2026-07-13 23:59:14.787,897,74,skis,0.227,254,269,336,425,DANGER_LEFT,0
2026-07-13 23:59:15.533,902,74,kite,0.292,253,269,335,425,SAFE,0
2026-07-13 23:59:16.361,907,74,skis,0.250,254,269,336,425,SAFE,0
2026-07-13 23:59:17.076,912,74,skis,0.407,255,269,337,425,SAFE,0
2026-07-13 23:59:17.985,918,74,skis,0.366,255,269,337,425,SAFE,0
2026-07-13 23:59:19.085,924,74,skis,0.376,255,269,337,425,SAFE,0
2026-07-13 23:59:19.944,929,74,skis,0.438,255,269,337,425,SAFE,0
2026-07-13 23:59:20.852,934,74,kite,0.447,253,269,335,425,SAFE,0
2026-07-13 23:59:21.702,939,74,skis,0.254,255,269,337,425,SAFE,0
2026-07-13 23:59:22.422,944,74,skis,0.279,255,269,337,425,SAFE,0
2026-07-13 23:59:23.209,949,74,skis,0.381,255,269,337,425,SAFE,0
2026-07-13 23:59:24.166,955,74,skis,0.393,255,269,337,425,SAFE,0
2026-07-13 23:59:24.930,960,74,skis,0.467,255,269,337,425,SAFE,0
2026-07-13 23:59:25.579,965,74,kite,0.504,253,269,335,425,SAFE,0
2026-07-13 23:59:26.356,971,74,skis,0.358,255,269,337,425,SAFE,0
2026-07-13 23:59:27.096,976,74,skis,0.408,255,269,337,425,SAFE,0
2026-07-13 23:59:27.820,981,74,skis,0.292,255,269,337,425,SAFE,0
2026-07-13 23:59:28.807,987,96,person,0.575,248,169,329,312,SAFE,0
2026-07-13 23:59:29.798,992,74,kite,0.735,343,281,430,438,SAFE,0
2026-07-13 23:59:30.803,997,74,kite,0.724,343,282,430,440,SAFE,0
2026-07-13 23:59:31.502,1002,74,kite,0.804,343,280,430,437,SAFE,0
2026-07-13 23:59:32.177,1007,74,kite,0.820,343,280,430,437,SAFE,0
2026-07-13 23:59:32.831,1012,74,kite,0.690,343,281,430,438,SAFE,0
2026-07-13 23:59:33.425,1017,74,kite,0.808,343,279,430,436,SAFE,0
2026-07-13 23:59:34.072,1022,74,kite,0.730,343,281,430,438,SAFE,0
2026-07-13 23:59:34.700,1027,74,kite,0.821,343,281,430,438,SAFE,0
2026-07-13 23:59:35.314,1032,74,kite,0.760,343,281,430,438,SAFE,0
2026-07-13 23:59:35.993,1037,74,kite,0.755,343,281,430,438,SAFE,0
2026-07-13 23:59:36.850,1043,109,person,0.717,164,108,241,243,SAFE,0
2026-07-13 23:59:37.804,1048,107,person,0.507,193,56,271,184,SAFE,1
2026-07-13 23:59:39.229,1058,74,skis,0.360,282,29,366,151,SAFE,0
2026-07-13 23:59:41.368,1073,74,skis,0.267,282,29,366,151,SAFE,0
2026-07-13 23:59:42.405,1081,74,skis,0.374,282,29,366,151,SAFE,0
2026-07-13 23:59:43.560,1090,74,skis,0.283,282,29,366,151,SAFE,0
2026-07-13 23:59:46.334,1111,74,skis,0.258,282,29,366,151,SAFE,0
2026-07-13 23:59:49.151,1134,74,skis,0.231,282,29,366,151,SAFE,0
2026-07-13 23:59:52.793,1163,74,person,0.247,262,34,344,157,SAFE,0
2026-07-13 23:59:53.421,1168,74,person,0.658,214,45,294,171,SAFE,0
2026-07-13 23:59:54.062,1173,74,person,0.750,232,60,313,188,SAFE,0
2026-07-13 23:59:58.424,1206,119,toothbrush,0.337,297,51,382,176,SAFE,0
2026-07-13 23:59:59.256,1212,119,toothbrush,0.258,298,51,383,176,SAFE,0
2026-07-14 00:00:00.225,1220,119,toothbrush,0.202,298,51,383,176,SAFE,0
2026-07-14 00:00:02.258,1235,119,kite,0.391,296,50,381,175,SAFE,0
2026-07-14 00:00:03.665,1246,119,toothbrush,0.263,297,50,382,175,SAFE,0
2026-07-14 00:00:04.730,1254,119,scissors,0.264,297,50,382,175,SAFE,0
2026-07-14 00:00:05.935,1260,119,kite,0.384,297,50,382,175,SAFE,0
2026-07-14 00:00:10.862,1286,119,toothbrush,0.343,297,50,382,175,SAFE,0
2026-07-14 00:00:20.864,1361,145,toothbrush,0.343,253,207,335,355,SAFE,0
2026-07-14 00:00:23.110,1374,145,toothbrush,0.222,270,222,353,372,SAFE,0
2026-07-14 00:00:25.121,1388,145,scissors,0.337,271,222,354,372,SAFE,0
2026-07-14 00:00:26.451,1397,145,bottle,0.274,268,222,350,372,SAFE,0
2026-07-14 00:00:27.936,1406,145,bottle,0.234,269,222,352,372,SAFE,0
2026-07-14 00:00:31.029,1427,145,toothbrush,0.328,268,222,350,372,SAFE,0
2026-07-14 00:00:33.350,1446,145,bottle,0.348,268,222,350,372,SAFE,0
2026-07-14 00:00:35.281,1461,145,snowboard,0.279,268,222,350,372,SAFE,0
2026-07-14 00:00:36.087,1467,145,toothbrush,0.298,270,222,353,372,SAFE,0
2026-07-14 00:00:37.508,1478,145,bottle,0.255,268,222,350,372,SAFE,0
2026-07-14 00:00:38.780,1488,145,bottle,0.274,268,222,350,372,SAFE,0
2026-07-14 00:00:40.261,1498,145,toothbrush,0.385,269,222,352,372,SAFE,0
2026-07-14 00:00:43.333,1513,145,toothbrush,0.421,269,222,352,372,SAFE,0
2026-07-14 00:00:44.834,1519,145,bottle,0.312,268,222,350,372,SAFE,0
2026-07-14 00:00:47.480,1529,145,toothbrush,0.253,270,222,353,372,SAFE,0
2026-07-14 00:00:49.428,1537,145,bottle,0.292,268,222,350,372,SAFE,0
2026-07-14 00:00:50.866,1543,145,toothbrush,0.346,269,222,352,372,SAFE,0
2026-07-14 00:00:54.774,1560,145,scissors,0.331,271,222,354,372,SAFE,0
2026-07-14 00:00:55.850,1566,145,bottle,0.356,267,222,349,372,SAFE,0
2026-07-14 00:00:56.915,1572,145,bottle,0.383,269,222,352,372,SAFE,0
2026-07-14 00:00:58.150,1580,145,bottle,0.263,268,222,350,372,SAFE,0
2026-07-14 00:01:00.696,1595,145,bottle,0.242,269,222,352,372,SAFE,0
2026-07-14 00:01:02.866,1607,145,scissors,0.346,271,222,354,372,SAFE,0
2026-07-14 00:01:03.988,1613,145,bottle,0.231,268,222,350,372,SAFE,0
2026-07-14 00:01:05.227,1620,145,bottle,0.267,268,222,350,372,SAFE,0
2026-07-14 00:01:06.195,1625,145,toothbrush,0.351,268,222,350,372,SAFE,0
2026-07-14 00:01:07.650,1632,145,bottle,0.220,268,222,350,372,SAFE,0
2026-07-14 00:01:09.145,1638,145,bottle,0.285,269,222,352,372,SAFE,0
2026-07-14 00:01:12.654,1653,145,snowboard,0.385,268,222,350,372,SAFE,0
2026-07-14 00:01:15.390,1665,145,bottle,0.334,268,222,350,372,SAFE,0
2026-07-14 00:01:16.825,1671,145,bottle,0.260,268,222,350,372,SAFE,0
2026-07-14 00:01:19.358,1682,145,toothbrush,0.291,269,222,352,372,SAFE,0
2026-07-14 00:01:22.274,1697,145,bottle,0.251,269,222,352,372,SAFE,0
2026-07-14 00:01:23.496,1703,145,scissors,0.285,269,222,352,372,SAFE,0
2026-07-14 00:01:24.904,1712,145,bottle,0.205,268,222,350,372,SAFE,0
2026-07-14 00:01:25.809,1717,145,bottle,0.397,268,222,350,372,SAFE,0
2026-07-14 00:01:27.056,1723,145,bottle,0.223,269,222,352,372,SAFE,0
2026-07-14 00:01:28.062,1729,145,bottle,0.443,268,222,350,372,SAFE,0
2026-07-14 00:01:29.029,1735,145,bottle,0.297,268,222,350,372,SAFE,0
2026-07-14 00:01:30.553,1743,145,scissors,0.273,271,222,354,372,SAFE,0
2026-07-14 00:01:32.475,1751,145,scissors,0.295,270,222,353,372,SAFE,0
2026-07-14 00:01:33.782,1757,145,bottle,0.417,269,222,352,372,SAFE,0
2026-07-14 00:01:35.384,1764,145,toothbrush,0.264,268,222,350,372,SAFE,0
2026-07-14 00:01:37.336,1772,145,bottle,0.357,269,222,352,372,SAFE,0
2026-07-14 00:01:40.793,1788,145,toothbrush,0.249,269,222,352,372,SAFE,0
2026-07-14 00:01:42.474,1796,145,bottle,0.216,268,222,350,372,SAFE,0
2026-07-14 00:01:44.156,1805,145,bottle,0.280,268,222,350,372,SAFE,0
2026-07-14 00:01:45.739,1813,145,bottle,0.477,268,222,350,372,SAFE,0
2026-07-14 00:01:48.083,1825,145,bottle,0.209,269,222,352,372,SAFE,0
2026-07-14 00:01:50.542,1836,145,bottle,0.328,267,222,349,372,SAFE,0
2026-07-14 00:01:52.177,1843,145,bottle,0.288,268,222,350,372,SAFE,0
2026-07-14 00:01:55.894,1858,145,bottle,0.305,268,222,350,372,SAFE,0
2026-07-14 00:01:58.702,1868,145,scissors,0.229,272,222,355,372,SAFE,0
2026-07-14 00:02:00.692,1876,145,toothbrush,0.323,270,222,353,372,SAFE,0
2026-07-14 00:02:04.025,1889,145,bottle,0.234,268,222,350,372,SAFE,0
2026-07-14 00:02:08.927,1908,145,bottle,0.512,268,222,350,372,SAFE,0
2026-07-14 00:02:15.840,1934,145,scissors,0.310,272,222,355,372,SAFE,0
2026-07-14 00:02:20.616,1950,145,scissors,0.311,271,222,354,372,SAFE,0
2026-07-14 00:02:26.780,1971,145,scissors,0.250,270,222,353,372,SAFE,0
2026-07-14 00:02:28.959,1979,145,bottle,0.250,268,222,350,372,SAFE,0
2026-07-14 00:02:33.021,1992,145,bottle,0.223,268,222,350,372,SAFE,0
2026-07-14 00:02:35.473,2000,145,bottle,0.211,268,222,350,372,SAFE,0
2026-07-14 00:02:37.275,2007,145,bottle,0.334,268,222,350,372,SAFE,0
2026-07-14 00:02:41.850,2023,145,bottle,0.255,268,222,350,372,SAFE,0
2026-07-14 00:02:46.740,2041,145,bottle,0.311,268,222,350,372,SAFE,0
2026-07-14 00:02:48.801,2049,145,snowboard,0.284,269,222,352,372,SAFE,0
2026-07-14 00:02:50.990,2057,145,bottle,0.305,268,222,350,372,SAFE,0
2026-07-14 00:02:54.427,2070,145,bottle,0.251,268,222,350,372,SAFE,0
2026-07-14 00:02:56.334,2077,145,toothbrush,0.265,269,222,352,372,SAFE,0
2026-07-14 00:02:58.749,2086,145,bottle,0.353,268,222,350,372,SAFE,0
2026-07-14 00:03:00.306,2092,145,bottle,0.280,268,222,350,372,SAFE,0
2026-07-14 00:03:02.901,2102,145,bottle,0.381,268,222,350,372,SAFE,0
2026-07-14 00:03:08.106,2121,145,scissors,0.238,270,222,353,372,SAFE,0
2026-07-14 00:03:35.005,5,1,bottle,0.547,262,225,353,371,SAFE,0
2026-07-14 00:03:36.334,11,1,bottle,0.452,262,225,353,371,SAFE,0
2026-07-14 00:03:37.075,16,1,bottle,0.369,262,225,353,371,SAFE,0
2026-07-14 00:03:37.976,21,1,bottle,0.572,262,225,353,371,SAFE,0
2026-07-14 00:03:38.713,26,1,bottle,0.558,262,225,353,371,SAFE,0
2026-07-14 00:03:39.509,31,1,bottle,0.488,262,225,353,371,SAFE,0
2026-07-14 00:03:40.286,36,1,bottle,0.291,262,225,353,371,SAFE,0
2026-07-14 00:03:41.089,41,1,bottle,0.449,262,225,353,371,SAFE,0
2026-07-14 00:03:41.826,46,1,bottle,0.562,262,225,353,371,SAFE,0
2026-07-14 00:03:42.615,51,1,toothbrush,0.645,262,225,353,371,SAFE,0
2026-07-14 00:03:43.307,56,1,toothbrush,0.306,262,225,353,371,SAFE,0
2026-07-14 00:03:44.057,61,18,person,0.722,152,164,236,302,SAFE,0
2026-07-14 00:03:44.787,66,18,person,0.543,168,166,253,304,SAFE,0
2026-07-14 00:03:45.412,71,18,person,0.884,275,179,367,319,SAFE,0
2026-07-14 00:03:46.070,76,18,person,0.358,219,149,308,285,SAFE,0
2026-07-14 00:03:46.762,81,18,person,0.870,201,159,288,296,SAFE,0
2026-07-14 00:03:47.484,86,18,person,0.561,250,188,341,329,SAFE,0
2026-07-14 00:03:48.244,91,18,person,0.747,316,189,411,330,SAFE,0
2026-07-14 00:03:49.036,96,1,baseball bat,0.274,498,248,608,398,SAFE,0
2026-07-14 00:03:49.999,101,1,toothbrush,0.484,501,249,611,400,DANGER_RIGHT,1
2026-07-14 00:03:50.722,106,1,toothbrush,0.406,503,249,613,400,DANGER_RIGHT,1
2026-07-14 00:03:51.420,111,1,baseball bat,0.260,504,249,614,400,DANGER_RIGHT,1
2026-07-14 00:03:52.093,116,1,baseball bat,0.241,504,249,614,400,DANGER_RIGHT,1
2026-07-14 00:03:53.001,122,1,baseball bat,0.213,504,249,614,400,DANGER_RIGHT,1
2026-07-14 00:03:54.096,127,1,toothbrush,0.505,505,249,615,400,DANGER_RIGHT,1
2026-07-14 00:03:55.490,133,1,person,0.333,538,241,652,391,SAFE,0
2026-07-14 00:03:56.720,138,1,person,0.278,545,244,659,394,DANGER_RIGHT,1
2026-07-14 00:03:57.987,144,1,kite,0.635,546,244,660,394,DANGER_RIGHT,1
2026-07-14 00:03:58.952,149,1,kite,0.658,546,244,660,394,DANGER_RIGHT,1
2026-07-14 00:04:00.171,155,1,kite,0.669,546,245,660,395,DANGER_RIGHT,1
2026-07-14 00:04:01.012,160,1,kite,0.811,546,245,660,395,DANGER_RIGHT,1
2026-07-14 00:04:01.875,165,1,kite,0.822,546,245,660,395,DANGER_RIGHT,1
2026-07-14 00:04:02.709,170,1,person,0.568,546,245,660,395,DANGER_RIGHT,1
2026-07-14 00:04:03.431,175,1,kite,0.772,545,245,659,395,DANGER_RIGHT,1
2026-07-14 00:04:04.063,180,1,kite,0.702,545,245,659,395,DANGER_RIGHT,1
2026-07-14 00:04:04.835,185,1,kite,0.752,545,245,659,395,DANGER_RIGHT,1
2026-07-14 00:04:05.409,190,1,kite,0.448,545,245,659,395,DANGER_RIGHT,1
2026-07-14 00:04:06.031,195,1,kite,0.754,545,245,659,395,DANGER_RIGHT,1
2026-07-14 00:04:06.660,200,1,kite,0.614,545,245,659,395,DANGER_RIGHT,1
2026-07-14 00:04:07.403,205,1,kite,0.528,545,245,659,395,DANGER_RIGHT,1
2026-07-14 00:04:08.030,210,1,kite,0.464,545,245,659,395,DANGER_RIGHT,1
2026-07-14 00:04:08.682,215,1,kite,0.438,545,245,659,395,DANGER_RIGHT,1
2026-07-14 00:04:09.320,220,1,kite,0.798,545,245,659,395,DANGER_RIGHT,1
2026-07-14 00:04:09.956,225,1,kite,0.550,545,245,659,395,DANGER_RIGHT,1
2026-07-14 00:04:10.562,230,1,kite,0.706,545,245,659,395,DANGER_RIGHT,1
2026-07-14 00:04:11.265,235,1,kite,0.431,545,245,659,395,DANGER_RIGHT,1
2026-07-14 00:04:11.901,240,1,kite,0.720,545,245,659,395,DANGER_RIGHT,1
2026-07-14 00:04:12.589,245,1,kite,0.861,545,245,659,395,DANGER_RIGHT,1
2026-07-14 00:04:31.909,398,66,person,0.615,174,183,260,323,SAFE,0
2026-07-14 00:04:32.959,404,71,toothbrush,0.897,300,356,393,519,SAFE,0
2026-07-14 00:04:33.688,409,71,toothbrush,0.752,303,363,397,527,SAFE,0
2026-07-14 00:04:34.418,414,71,toothbrush,0.802,303,363,397,527,SAFE,0
2026-07-14 00:04:35.016,419,71,toothbrush,0.879,303,363,397,527,SAFE,0
2026-07-14 00:04:35.740,424,71,toothbrush,0.872,303,363,397,527,SAFE,0
2026-07-14 00:04:36.460,429,71,toothbrush,0.818,303,363,397,527,SAFE,0
2026-07-14 00:04:37.115,434,71,toothbrush,0.855,303,363,397,527,SAFE,0
2026-07-14 00:04:37.757,439,71,toothbrush,0.914,303,363,397,527,SAFE,0
2026-07-14 00:04:38.413,444,71,toothbrush,0.792,303,363,397,527,SAFE,0
2026-07-14 00:04:38.971,449,71,toothbrush,0.838,303,363,397,527,SAFE,0
2026-07-14 00:04:39.725,454,71,toothbrush,0.812,303,363,397,527,SAFE,0
2026-07-14 00:04:40.403,459,71,toothbrush,0.843,303,363,397,527,SAFE,0
2026-07-14 00:04:41.086,464,71,toothbrush,0.856,303,363,397,527,SAFE,0
2026-07-14 00:04:41.848,469,71,toothbrush,0.827,303,363,397,527,SAFE,0
2026-07-14 00:04:42.507,474,71,toothbrush,0.830,303,363,397,527,SAFE,0
2026-07-14 00:04:43.047,479,71,toothbrush,0.887,303,363,397,527,SAFE,0
2026-07-14 00:04:43.620,484,71,toothbrush,0.867,303,363,397,527,SAFE,0
2026-07-14 00:04:44.282,489,71,toothbrush,0.900,303,363,397,527,SAFE,0
2026-07-14 00:04:44.935,494,71,toothbrush,0.828,303,363,397,527,SAFE,0
2026-07-14 00:04:45.581,499,71,toothbrush,0.896,303,363,397,527,SAFE,0
2026-07-14 00:04:46.210,504,71,toothbrush,0.889,303,363,397,527,SAFE,0
2026-07-14 00:04:46.905,509,71,toothbrush,0.862,303,363,397,527,SAFE,0
2026-07-14 00:04:47.637,514,71,toothbrush,0.888,303,363,397,527,SAFE,0
2026-07-14 00:04:48.314,519,71,toothbrush,0.797,303,363,397,527,SAFE,0
2026-07-14 00:04:48.964,524,71,toothbrush,0.836,303,363,397,527,SAFE,0
2026-07-14 00:04:49.663,529,71,toothbrush,0.894,303,363,397,527,SAFE,0
2026-07-14 00:04:50.417,534,71,toothbrush,0.785,303,363,397,527,SAFE,0
2026-07-14 00:04:51.029,539,71,toothbrush,0.817,303,363,397,527,SAFE,0
2026-07-14 00:04:51.862,544,71,toothbrush,0.756,303,363,397,527,SAFE,0
2026-07-14 00:04:52.525,549,71,toothbrush,0.827,303,363,397,527,SAFE,0
2026-07-14 00:04:53.430,554,71,toothbrush,0.807,303,363,397,527,SAFE,0
2026-07-14 00:04:54.176,559,71,toothbrush,0.861,303,363,397,527,SAFE,0
2026-07-14 00:04:55.290,564,71,toothbrush,0.758,303,363,397,527,SAFE,0
2026-07-14 00:04:56.049,569,71,toothbrush,0.830,303,363,397,527,SAFE,0
2026-07-14 00:04:56.846,574,71,toothbrush,0.898,303,363,397,527,SAFE,0
2026-07-14 00:04:57.688,579,71,toothbrush,0.857,303,363,397,527,SAFE,0
2026-07-14 00:04:58.803,584,71,toothbrush,0.755,303,363,397,527,SAFE,0
2026-07-14 00:04:59.807,589,71,toothbrush,0.887,303,363,397,527,SAFE,0
